meta	biosample_cell_type	GEO_Sample_age	biosample_source_age_value	biosample_source_age_unit	biosample_source_life_stage	GEO_Sample_platform_id	biosample_source_id	biosample_source_gender	sample_label	assay_platform
SRR1974543	oligodendrocytes	postnatal 54 years	54	year	postpartum	GPL18573	AB_S8	female	temporal lobe cortex - healthy tissue from epileptic patient	Illumina NextSeq 500
SRR1974544	hybrid	postnatal 54 years	54	year	postpartum	GPL18573	AB_S8	female	temporal lobe cortex - healthy tissue from epileptic patient	Illumina NextSeq 500
SRR1974545	oligodendrocytes	postnatal 54 years	54	year	postpartum	GPL18573	AB_S8	female	temporal lobe cortex - healthy tissue from epileptic patient	Illumina NextSeq 500
SRR1974546	hybrid	postnatal 54 years	54	year	postpartum	GPL18573	AB_S8	female	temporal lobe cortex - healthy tissue from epileptic patient	Illumina NextSeq 500
SRR1974547	hybrid	postnatal 54 years	54	year	postpartum	GPL18573	AB_S8	female	temporal lobe cortex - healthy tissue from epileptic patient	Illumina NextSeq 500
SRR1974548	oligodendrocytes	postnatal 54 years	54	year	postpartum	GPL18573	AB_S8	female	temporal lobe cortex - healthy tissue from epileptic patient	Illumina NextSeq 500
SRR1974549	oligodendrocytes	postnatal 54 years	54	year	postpartum	GPL18573	AB_S8	female	temporal lobe cortex - healthy tissue from epileptic patient	Illumina NextSeq 500
SRR1974550	hybrid	postnatal 54 years	54	year	postpartum	GPL18573	AB_S8	female	temporal lobe cortex - healthy tissue from epileptic patient	Illumina NextSeq 500
SRR1974551	hybrid	postnatal 54 years	54	year	postpartum	GPL18573	AB_S8	female	temporal lobe cortex - healthy tissue from epileptic patient	Illumina NextSeq 500
SRR1974552	hybrid	postnatal 54 years	54	year	postpartum	GPL18573	AB_S8	female	temporal lobe cortex - healthy tissue from epileptic patient	Illumina NextSeq 500
SRR1974553	oligodendrocytes	postnatal 54 years	54	year	postpartum	GPL18573	AB_S8	female	temporal lobe cortex - healthy tissue from epileptic patient	Illumina NextSeq 500
SRR1974554	hybrid	postnatal 54 years	54	year	postpartum	GPL18573	AB_S8	female	temporal lobe cortex - healthy tissue from epileptic patient	Illumina NextSeq 500
SRR1974555	hybrid	postnatal 54 years	54	year	postpartum	GPL18573	AB_S8	female	temporal lobe cortex - healthy tissue from epileptic patient	Illumina NextSeq 500
SRR1974556	hybrid	postnatal 54 years	54	year	postpartum	GPL18573	AB_S8	female	temporal lobe cortex - healthy tissue from epileptic patient	Illumina NextSeq 500
SRR1974557	astrocytes	postnatal 54 years	54	year	postpartum	GPL18573	AB_S8	female	temporal lobe cortex - healthy tissue from epileptic patient	Illumina NextSeq 500
SRR1974558	hybrid	postnatal 54 years	54	year	postpartum	GPL18573	AB_S8	female	temporal lobe cortex - healthy tissue from epileptic patient	Illumina NextSeq 500
SRR1974559	hybrid	postnatal 54 years	54	year	postpartum	GPL18573	AB_S8	female	temporal lobe cortex - healthy tissue from epileptic patient	Illumina NextSeq 500
SRR1974560	hybrid	postnatal 54 years	54	year	postpartum	GPL18573	AB_S8	female	temporal lobe cortex - healthy tissue from epileptic patient	Illumina NextSeq 500
SRR1974561	oligodendrocytes	postnatal 54 years	54	year	postpartum	GPL18573	AB_S8	female	temporal lobe cortex - healthy tissue from epileptic patient	Illumina NextSeq 500
SRR1974562	oligodendrocytes	postnatal 54 years	54	year	postpartum	GPL18573	AB_S8	female	temporal lobe cortex - healthy tissue from epileptic patient	Illumina NextSeq 500
SRR1974563	oligodendrocytes	postnatal 54 years	54	year	postpartum	GPL18573	AB_S8	female	temporal lobe cortex - healthy tissue from epileptic patient	Illumina NextSeq 500
SRR1974564	oligodendrocytes	postnatal 54 years	54	year	postpartum	GPL18573	AB_S8	female	temporal lobe cortex - healthy tissue from epileptic patient	Illumina NextSeq 500
SRR1974565	OPC	postnatal 54 years	54	year	postpartum	GPL18573	AB_S8	female	temporal lobe cortex - healthy tissue from epileptic patient	Illumina NextSeq 500
SRR1974566	oligodendrocytes	postnatal 54 years	54	year	postpartum	GPL18573	AB_S8	female	temporal lobe cortex - healthy tissue from epileptic patient	Illumina NextSeq 500
SRR1974567	hybrid	postnatal 54 years	54	year	postpartum	GPL18573	AB_S8	female	temporal lobe cortex - healthy tissue from epileptic patient	Illumina NextSeq 500
SRR1974568	hybrid	postnatal 54 years	54	year	postpartum	GPL18573	AB_S8	female	temporal lobe cortex - healthy tissue from epileptic patient	Illumina NextSeq 500
SRR1974569	hybrid	postnatal 54 years	54	year	postpartum	GPL18573	AB_S8	female	temporal lobe cortex - healthy tissue from epileptic patient	Illumina NextSeq 500
SRR1974570	oligodendrocytes	postnatal 54 years	54	year	postpartum	GPL18573	AB_S8	female	temporal lobe cortex - healthy tissue from epileptic patient	Illumina NextSeq 500
SRR1974571	oligodendrocytes	postnatal 54 years	54	year	postpartum	GPL18573	AB_S8	female	temporal lobe cortex - healthy tissue from epileptic patient	Illumina NextSeq 500
SRR1974572	oligodendrocytes	postnatal 54 years	54	year	postpartum	GPL18573	AB_S8	female	temporal lobe cortex - healthy tissue from epileptic patient	Illumina NextSeq 500
SRR1974573	oligodendrocytes	postnatal 54 years	54	year	postpartum	GPL18573	AB_S8	female	temporal lobe cortex - healthy tissue from epileptic patient	Illumina NextSeq 500
SRR1974574	oligodendrocytes	postnatal 54 years	54	year	postpartum	GPL18573	AB_S8	female	temporal lobe cortex - healthy tissue from epileptic patient	Illumina NextSeq 500
SRR1974575	OPC	postnatal 54 years	54	year	postpartum	GPL18573	AB_S8	female	temporal lobe cortex - healthy tissue from epileptic patient	Illumina NextSeq 500
SRR1974576	OPC	postnatal 54 years	54	year	postpartum	GPL18573	AB_S8	female	hippocampus - healthy tissue from epileptic patient	Illumina NextSeq 500
SRR1974577	hybrid	postnatal 54 years	54	year	postpartum	GPL18573	AB_S8	female	hippocampus - healthy tissue from epileptic patient	Illumina NextSeq 500
SRR1974578	OPC	postnatal 54 years	54	year	postpartum	GPL18573	AB_S8	female	hippocampus - healthy tissue from epileptic patient	Illumina NextSeq 500
SRR1974579	OPC	postnatal 54 years	54	year	postpartum	GPL18573	AB_S8	female	hippocampus - healthy tissue from epileptic patient	Illumina NextSeq 500
SRR1974580	OPC	postnatal 54 years	54	year	postpartum	GPL18573	AB_S8	female	hippocampus - healthy tissue from epileptic patient	Illumina NextSeq 500
SRR1974581	OPC	postnatal 54 years	54	year	postpartum	GPL18573	AB_S8	female	hippocampus - healthy tissue from epileptic patient	Illumina NextSeq 500
SRR1974582	microglia	postnatal 54 years	54	year	postpartum	GPL18573	AB_S8	female	hippocampus - healthy tissue from epileptic patient	Illumina NextSeq 500
SRR1974583	OPC	postnatal 54 years	54	year	postpartum	GPL18573	AB_S8	female	hippocampus - healthy tissue from epileptic patient	Illumina NextSeq 500
SRR1974584	hybrid	postnatal 54 years	54	year	postpartum	GPL18573	AB_S8	female	hippocampus - healthy tissue from epileptic patient	Illumina NextSeq 500
SRR1974585	OPC	postnatal 54 years	54	year	postpartum	GPL18573	AB_S8	female	hippocampus - healthy tissue from epileptic patient	Illumina NextSeq 500
SRR1974586	OPC	postnatal 54 years	54	year	postpartum	GPL18573	AB_S8	female	hippocampus - healthy tissue from epileptic patient	Illumina NextSeq 500
SRR1974587	OPC	postnatal 54 years	54	year	postpartum	GPL18573	AB_S8	female	hippocampus - healthy tissue from epileptic patient	Illumina NextSeq 500
SRR1974588	OPC	postnatal 54 years	54	year	postpartum	GPL18573	AB_S8	female	hippocampus - healthy tissue from epileptic patient	Illumina NextSeq 500
SRR1974589	OPC	postnatal 54 years	54	year	postpartum	GPL18573	AB_S8	female	hippocampus - healthy tissue from epileptic patient	Illumina NextSeq 500
SRR1974590	microglia	postnatal 54 years	54	year	postpartum	GPL18573	AB_S8	female	hippocampus - healthy tissue from epileptic patient	Illumina NextSeq 500
SRR1974591	microglia	postnatal 54 years	54	year	postpartum	GPL18573	AB_S8	female	hippocampus - healthy tissue from epileptic patient	Illumina NextSeq 500
SRR1974592	OPC	postnatal 54 years	54	year	postpartum	GPL18573	AB_S8	female	hippocampus - healthy tissue from epileptic patient	Illumina NextSeq 500
SRR1974593	OPC	postnatal 54 years	54	year	postpartum	GPL18573	AB_S8	female	hippocampus - healthy tissue from epileptic patient	Illumina NextSeq 500
SRR1974594	OPC	postnatal 54 years	54	year	postpartum	GPL18573	AB_S8	female	hippocampus - healthy tissue from epileptic patient	Illumina NextSeq 500
SRR1974595	microglia	postnatal 54 years	54	year	postpartum	GPL18573	AB_S8	female	hippocampus - healthy tissue from epileptic patient	Illumina NextSeq 500
SRR1974596	OPC	postnatal 54 years	54	year	postpartum	GPL18573	AB_S8	female	hippocampus - healthy tissue from epileptic patient	Illumina NextSeq 500
SRR1974597	microglia	postnatal 54 years	54	year	postpartum	GPL18573	AB_S8	female	hippocampus - healthy tissue from epileptic patient	Illumina NextSeq 500
SRR1974598	microglia	postnatal 54 years	54	year	postpartum	GPL18573	AB_S8	female	hippocampus - healthy tissue from epileptic patient	Illumina NextSeq 500
SRR1974599	microglia	postnatal 54 years	54	year	postpartum	GPL18573	AB_S8	female	hippocampus - healthy tissue from epileptic patient	Illumina NextSeq 500
SRR1974600	OPC	postnatal 54 years	54	year	postpartum	GPL18573	AB_S8	female	hippocampus - healthy tissue from epileptic patient	Illumina NextSeq 500
SRR1974601	hybrid	postnatal 37 years	37	year	postpartum	GPL18573	AB_S11	female	temporal lobe cortex - healthy tissue from epileptic patient	Illumina NextSeq 500
SRR1974602	neurons	postnatal 37 years	37	year	postpartum	GPL18573	AB_S11	female	temporal lobe cortex - healthy tissue from epileptic patient	Illumina NextSeq 500
SRR1974603	neurons	postnatal 37 years	37	year	postpartum	GPL18573	AB_S11	female	temporal lobe cortex - healthy tissue from epileptic patient	Illumina NextSeq 500
SRR1974604	astrocytes	postnatal 37 years	37	year	postpartum	GPL18573	AB_S11	female	temporal lobe cortex - healthy tissue from epileptic patient	Illumina NextSeq 500
SRR1974605	neurons	postnatal 37 years	37	year	postpartum	GPL18573	AB_S11	female	temporal lobe cortex - healthy tissue from epileptic patient	Illumina NextSeq 500
SRR1974606	microglia	postnatal 37 years	37	year	postpartum	GPL18573	AB_S11	female	temporal lobe cortex - healthy tissue from epileptic patient	Illumina NextSeq 500
SRR1974607	neurons	postnatal 37 years	37	year	postpartum	GPL18573	AB_S11	female	temporal lobe cortex - healthy tissue from epileptic patient	Illumina NextSeq 500
SRR1974608	hybrid	postnatal 37 years	37	year	postpartum	GPL18573	AB_S11	female	temporal lobe cortex - healthy tissue from epileptic patient	Illumina NextSeq 500
SRR1974609	neurons	postnatal 37 years	37	year	postpartum	GPL18573	AB_S11	female	temporal lobe cortex - healthy tissue from epileptic patient	Illumina NextSeq 500
SRR1974610	astrocytes	postnatal 37 years	37	year	postpartum	GPL18573	AB_S11	female	temporal lobe cortex - healthy tissue from epileptic patient	Illumina NextSeq 500
SRR1974611	neurons	postnatal 37 years	37	year	postpartum	GPL18573	AB_S11	female	temporal lobe cortex - healthy tissue from epileptic patient	Illumina NextSeq 500
SRR1974612	neurons	postnatal 37 years	37	year	postpartum	GPL18573	AB_S11	female	temporal lobe cortex - healthy tissue from epileptic patient	Illumina NextSeq 500
SRR1974613	neurons	postnatal 37 years	37	year	postpartum	GPL18573	AB_S11	female	temporal lobe cortex - healthy tissue from epileptic patient	Illumina NextSeq 500
SRR1974614	neurons	postnatal 37 years	37	year	postpartum	GPL18573	AB_S11	female	temporal lobe cortex - healthy tissue from epileptic patient	Illumina NextSeq 500
SRR1974615	neurons	postnatal 37 years	37	year	postpartum	GPL18573	AB_S11	female	temporal lobe cortex - healthy tissue from epileptic patient	Illumina NextSeq 500
SRR1974616	oligodendrocytes	postnatal 37 years	37	year	postpartum	GPL18573	AB_S11	female	temporal lobe cortex - healthy tissue from epileptic patient	Illumina NextSeq 500
SRR1974617	neurons	postnatal 37 years	37	year	postpartum	GPL18573	AB_S11	female	temporal lobe cortex - healthy tissue from epileptic patient	Illumina NextSeq 500
SRR1974618	neurons	postnatal 37 years	37	year	postpartum	GPL18573	AB_S11	female	temporal lobe cortex - healthy tissue from epileptic patient	Illumina NextSeq 500
SRR1974619	hybrid	postnatal 37 years	37	year	postpartum	GPL18573	AB_S11	female	temporal lobe cortex - healthy tissue from epileptic patient	Illumina NextSeq 500
SRR1974620	neurons	postnatal 37 years	37	year	postpartum	GPL18573	AB_S11	female	temporal lobe cortex - healthy tissue from epileptic patient	Illumina NextSeq 500
SRR1974621	neurons	postnatal 37 years	37	year	postpartum	GPL18573	AB_S11	female	temporal lobe cortex - healthy tissue from epileptic patient	Illumina NextSeq 500
SRR1974622	neurons	postnatal 37 years	37	year	postpartum	GPL18573	AB_S11	female	temporal lobe cortex - healthy tissue from epileptic patient	Illumina NextSeq 500
SRR1974623	neurons	postnatal 37 years	37	year	postpartum	GPL18573	AB_S11	female	temporal lobe cortex - healthy tissue from epileptic patient	Illumina NextSeq 500
SRR1974624	neurons	postnatal 37 years	37	year	postpartum	GPL18573	AB_S11	female	temporal lobe cortex - healthy tissue from epileptic patient	Illumina NextSeq 500
SRR1974625	neurons	postnatal 37 years	37	year	postpartum	GPL18573	AB_S11	female	temporal lobe cortex - healthy tissue from epileptic patient	Illumina NextSeq 500
SRR1974626	neurons	postnatal 37 years	37	year	postpartum	GPL18573	AB_S11	female	temporal lobe cortex - healthy tissue from epileptic patient	Illumina NextSeq 500
SRR1974627	neurons	postnatal 37 years	37	year	postpartum	GPL18573	AB_S11	female	temporal lobe cortex - healthy tissue from epileptic patient	Illumina NextSeq 500
SRR1974628	neurons	postnatal 37 years	37	year	postpartum	GPL18573	AB_S11	female	temporal lobe cortex - healthy tissue from epileptic patient	Illumina NextSeq 500
SRR1974629	neurons	postnatal 37 years	37	year	postpartum	GPL18573	AB_S11	female	temporal lobe cortex - healthy tissue from epileptic patient	Illumina NextSeq 500
SRR1974630	neurons	postnatal 37 years	37	year	postpartum	GPL18573	AB_S11	female	temporal lobe cortex - healthy tissue from epileptic patient	Illumina NextSeq 500
SRR1974631	neurons	postnatal 37 years	37	year	postpartum	GPL18573	AB_S11	female	temporal lobe cortex - healthy tissue from epileptic patient	Illumina NextSeq 500
SRR1974632	neurons	postnatal 37 years	37	year	postpartum	GPL18573	AB_S11	female	temporal lobe cortex - healthy tissue from epileptic patient	Illumina NextSeq 500
SRR1974633	neurons	postnatal 37 years	37	year	postpartum	GPL18573	AB_S11	female	temporal lobe cortex - healthy tissue from epileptic patient	Illumina NextSeq 500
SRR1974634	neurons	postnatal 37 years	37	year	postpartum	GPL18573	AB_S11	female	temporal lobe cortex - healthy tissue from epileptic patient	Illumina NextSeq 500
SRR1974635	neurons	postnatal 37 years	37	year	postpartum	GPL18573	AB_S11	female	temporal lobe cortex - healthy tissue from epileptic patient	Illumina NextSeq 500
SRR1974636	neurons	postnatal 37 years	37	year	postpartum	GPL18573	AB_S11	female	temporal lobe cortex - healthy tissue from epileptic patient	Illumina NextSeq 500
SRR1974637	astrocytes	postnatal 37 years	37	year	postpartum	GPL18573	AB_S11	female	temporal lobe cortex - healthy tissue from epileptic patient	Illumina NextSeq 500
SRR1974638	neurons	postnatal 37 years	37	year	postpartum	GPL18573	AB_S11	female	temporal lobe cortex - healthy tissue from epileptic patient	Illumina NextSeq 500
SRR1974639	neurons	postnatal 37 years	37	year	postpartum	GPL18573	AB_S11	female	temporal lobe cortex - healthy tissue from epileptic patient	Illumina NextSeq 500
SRR1974640	neurons	postnatal 37 years	37	year	postpartum	GPL18573	AB_S11	female	temporal lobe cortex - healthy tissue from epileptic patient	Illumina NextSeq 500
SRR1974641	astrocytes	postnatal 37 years	37	year	postpartum	GPL18573	AB_S11	female	temporal lobe cortex - healthy tissue from epileptic patient	Illumina NextSeq 500
SRR1974642	neurons	postnatal 37 years	37	year	postpartum	GPL18573	AB_S11	female	temporal lobe cortex - healthy tissue from epileptic patient	Illumina NextSeq 500
SRR1974643	neurons	postnatal 37 years	37	year	postpartum	GPL18573	AB_S11	female	temporal lobe cortex - healthy tissue from epileptic patient	Illumina NextSeq 500
SRR1974644	endothelial	postnatal 37 years	37	year	postpartum	GPL18573	AB_S11	female	temporal lobe cortex - healthy tissue from epileptic patient	Illumina NextSeq 500
SRR1974645	neurons	postnatal 37 years	37	year	postpartum	GPL18573	AB_S11	female	temporal lobe cortex - healthy tissue from epileptic patient	Illumina NextSeq 500
SRR1974646	neurons	postnatal 37 years	37	year	postpartum	GPL18573	AB_S11	female	temporal lobe cortex - healthy tissue from epileptic patient	Illumina NextSeq 500
SRR1974647	astrocytes	postnatal 37 years	37	year	postpartum	GPL18573	AB_S11	female	temporal lobe cortex - healthy tissue from epileptic patient	Illumina NextSeq 500
SRR1974648	neurons	postnatal 37 years	37	year	postpartum	GPL18573	AB_S11	female	temporal lobe cortex - healthy tissue from epileptic patient	Illumina NextSeq 500
SRR1974649	neurons	postnatal 37 years	37	year	postpartum	GPL18573	AB_S11	female	temporal lobe cortex - healthy tissue from epileptic patient	Illumina NextSeq 500
SRR1974650	neurons	postnatal 37 years	37	year	postpartum	GPL18573	AB_S11	female	temporal lobe cortex - healthy tissue from epileptic patient	Illumina NextSeq 500
SRR1974651	astrocytes	postnatal 37 years	37	year	postpartum	GPL18573	AB_S11	female	temporal lobe cortex - healthy tissue from epileptic patient	Illumina NextSeq 500
SRR1974652	neurons	postnatal 37 years	37	year	postpartum	GPL18573	AB_S11	female	temporal lobe cortex - healthy tissue from epileptic patient	Illumina NextSeq 500
SRR1974653	astrocytes	postnatal 37 years	37	year	postpartum	GPL18573	AB_S11	female	temporal lobe cortex - healthy tissue from epileptic patient	Illumina NextSeq 500
SRR1974654	neurons	postnatal 37 years	37	year	postpartum	GPL18573	AB_S11	female	temporal lobe cortex - healthy tissue from epileptic patient	Illumina NextSeq 500
SRR1974655	neurons	postnatal 37 years	37	year	postpartum	GPL18573	AB_S11	female	temporal lobe cortex - healthy tissue from epileptic patient	Illumina NextSeq 500
SRR1974656	neurons	postnatal 37 years	37	year	postpartum	GPL18573	AB_S11	female	temporal lobe cortex - healthy tissue from epileptic patient	Illumina NextSeq 500
SRR1974657	neurons	postnatal 37 years	37	year	postpartum	GPL18573	AB_S11	female	temporal lobe cortex - healthy tissue from epileptic patient	Illumina NextSeq 500
SRR1974658	neurons	postnatal 37 years	37	year	postpartum	GPL18573	AB_S11	female	temporal lobe cortex - healthy tissue from epileptic patient	Illumina NextSeq 500
SRR1974659	neurons	postnatal 37 years	37	year	postpartum	GPL18573	AB_S11	female	temporal lobe cortex - healthy tissue from epileptic patient	Illumina NextSeq 500
SRR1974660	neurons	postnatal 37 years	37	year	postpartum	GPL18573	AB_S11	female	temporal lobe cortex - healthy tissue from epileptic patient	Illumina NextSeq 500
SRR1974661	neurons	postnatal 37 years	37	year	postpartum	GPL18573	AB_S11	female	temporal lobe cortex - healthy tissue from epileptic patient	Illumina NextSeq 500
SRR1974662	neurons	postnatal 37 years	37	year	postpartum	GPL18573	AB_S11	female	temporal lobe cortex - healthy tissue from epileptic patient	Illumina NextSeq 500
SRR1974663	neurons	postnatal 37 years	37	year	postpartum	GPL18573	AB_S11	female	temporal lobe cortex - healthy tissue from epileptic patient	Illumina NextSeq 500
SRR1974664	astrocytes	postnatal 47 years	47	year	postpartum	GPL15520	AB_S1	male	temporal lobe cortex - healthy tissue from epileptic patient	Illumina MiSeq
SRR1974665	endothelial	postnatal 47 years	47	year	postpartum	GPL15520	AB_S1	male	temporal lobe cortex - healthy tissue from epileptic patient	Illumina MiSeq
SRR1974666	microglia	postnatal 47 years	47	year	postpartum	GPL15520	AB_S1	male	temporal lobe cortex - healthy tissue from epileptic patient	Illumina MiSeq
SRR1974667	endothelial	postnatal 47 years	47	year	postpartum	GPL15520	AB_S1	male	temporal lobe cortex - healthy tissue from epileptic patient	Illumina MiSeq
SRR1974668	microglia	postnatal 47 years	47	year	postpartum	GPL15520	AB_S1	male	temporal lobe cortex - healthy tissue from epileptic patient	Illumina MiSeq
SRR1974669	microglia	postnatal 63 years	63	year	postpartum	GPL15520	AB_S2	male	temporal lobe cortex - healthy tissue from epileptic patient	Illumina MiSeq
SRR1974670	astrocytes	postnatal 63 years	63	year	postpartum	GPL15520	AB_S2	male	temporal lobe cortex - healthy tissue from epileptic patient	Illumina MiSeq
SRR1974671	microglia	postnatal 63 years	63	year	postpartum	GPL15520	AB_S2	male	temporal lobe cortex - healthy tissue from epileptic patient	Illumina MiSeq
SRR1974672	astrocytes	postnatal 63 years	63	year	postpartum	GPL15520	AB_S2	male	temporal lobe cortex - healthy tissue from epileptic patient	Illumina MiSeq
SRR1974673	neurons	postnatal 63 years	63	year	postpartum	GPL15520	AB_S2	male	temporal lobe cortex - healthy tissue from epileptic patient	Illumina MiSeq
SRR1974674	neurons	postnatal 22 years	22	year	postpartum	GPL15520	AB_S3	male	temporal lobe cortex - healthy tissue from epileptic patient	Illumina MiSeq
SRR1974675	nonreplicating fetal neuron	postnatal 22 years	22	year	postpartum	GPL15520	AB_S3	male	temporal lobe cortex - healthy tissue from epileptic patient	Illumina MiSeq
SRR1974676	endothelial	postnatal 22 years	22	year	postpartum	GPL15520	AB_S3	male	temporal lobe cortex - healthy tissue from epileptic patient	Illumina MiSeq
SRR1974677	neurons	postnatal 22 years	22	year	postpartum	GPL15520	AB_S3	male	temporal lobe cortex - healthy tissue from epileptic patient	Illumina MiSeq
SRR1974678	astrocytes	postnatal 50 years	50	year	postpartum	GPL18573	AB_S4	male	temporal lobe cortex - healthy tissue from epileptic patient	Illumina NextSeq 500
SRR1974679	astrocytes	postnatal 50 years	50	year	postpartum	GPL18573	AB_S4	male	temporal lobe cortex - healthy tissue from epileptic patient	Illumina NextSeq 500
SRR1974680	hybrid	postnatal 50 years	50	year	postpartum	GPL18573	AB_S4	male	temporal lobe cortex - healthy tissue from epileptic patient	Illumina NextSeq 500
SRR1974681	neurons	postnatal 50 years	50	year	postpartum	GPL18573	AB_S4	male	temporal lobe cortex - healthy tissue from epileptic patient	Illumina NextSeq 500
SRR1974682	astrocytes	postnatal 50 years	50	year	postpartum	GPL18573	AB_S4	male	temporal lobe cortex - healthy tissue from epileptic patient	Illumina NextSeq 500
SRR1974683	hybrid	postnatal 50 years	50	year	postpartum	GPL18573	AB_S4	male	temporal lobe cortex - healthy tissue from epileptic patient	Illumina NextSeq 500
SRR1974684	neurons	postnatal 50 years	50	year	postpartum	GPL18573	AB_S4	male	temporal lobe cortex - healthy tissue from epileptic patient	Illumina NextSeq 500
SRR1974685	hybrid	postnatal 50 years	50	year	postpartum	GPL18573	AB_S4	male	temporal lobe cortex - healthy tissue from epileptic patient	Illumina NextSeq 500
SRR1974686	neurons	postnatal 50 years	50	year	postpartum	GPL18573	AB_S4	male	temporal lobe cortex - healthy tissue from epileptic patient	Illumina NextSeq 500
SRR1974687	hybrid	postnatal 50 years	50	year	postpartum	GPL18573	AB_S4	male	temporal lobe cortex - healthy tissue from epileptic patient	Illumina NextSeq 500
SRR1974688	astrocytes	postnatal 50 years	50	year	postpartum	GPL18573	AB_S4	male	temporal lobe cortex - healthy tissue from epileptic patient	Illumina NextSeq 500
SRR1974689	astrocytes	postnatal 50 years	50	year	postpartum	GPL18573	AB_S4	male	temporal lobe cortex - healthy tissue from epileptic patient	Illumina NextSeq 500
SRR1974690	oligodendrocytes	postnatal 50 years	50	year	postpartum	GPL18573	AB_S4	male	temporal lobe cortex - healthy tissue from epileptic patient	Illumina NextSeq 500
SRR1974691	hybrid	postnatal 50 years	50	year	postpartum	GPL18573	AB_S4	male	temporal lobe cortex - healthy tissue from epileptic patient	Illumina NextSeq 500
SRR1974692	astrocytes	postnatal 50 years	50	year	postpartum	GPL18573	AB_S4	male	temporal lobe cortex - healthy tissue from epileptic patient	Illumina NextSeq 500
SRR1974693	astrocytes	postnatal 50 years	50	year	postpartum	GPL18573	AB_S4	male	temporal lobe cortex - healthy tissue from epileptic patient	Illumina NextSeq 500
SRR1974694	hybrid	postnatal 50 years	50	year	postpartum	GPL18573	AB_S4	male	temporal lobe cortex - healthy tissue from epileptic patient	Illumina NextSeq 500
SRR1974695	hybrid	postnatal 50 years	50	year	postpartum	GPL18573	AB_S4	male	temporal lobe cortex - healthy tissue from epileptic patient	Illumina NextSeq 500
SRR1974696	hybrid	postnatal 50 years	50	year	postpartum	GPL18573	AB_S4	male	temporal lobe cortex - healthy tissue from epileptic patient	Illumina NextSeq 500
SRR1974697	neurons	postnatal 50 years	50	year	postpartum	GPL18573	AB_S4	male	temporal lobe cortex - healthy tissue from epileptic patient	Illumina NextSeq 500
SRR1974698	astrocytes	postnatal 50 years	50	year	postpartum	GPL18573	AB_S4	male	temporal lobe cortex - healthy tissue from epileptic patient	Illumina NextSeq 500
SRR1974699	astrocytes	postnatal 50 years	50	year	postpartum	GPL18573	AB_S4	male	temporal lobe cortex - healthy tissue from epileptic patient	Illumina NextSeq 500
SRR1974700	hybrid	postnatal 50 years	50	year	postpartum	GPL18573	AB_S4	male	temporal lobe cortex - healthy tissue from epileptic patient	Illumina NextSeq 500
SRR1974701	astrocytes	postnatal 50 years	50	year	postpartum	GPL18573	AB_S4	male	temporal lobe cortex - healthy tissue from epileptic patient	Illumina NextSeq 500
SRR1974702	hybrid	postnatal 50 years	50	year	postpartum	GPL18573	AB_S4	male	temporal lobe cortex - healthy tissue from epileptic patient	Illumina NextSeq 500
SRR1974703	astrocytes	postnatal 50 years	50	year	postpartum	GPL18573	AB_S4	male	temporal lobe cortex - healthy tissue from epileptic patient	Illumina NextSeq 500
SRR1974704	neurons	postnatal 50 years	50	year	postpartum	GPL18573	AB_S4	male	temporal lobe cortex - healthy tissue from epileptic patient	Illumina NextSeq 500
SRR1974705	neurons	postnatal 50 years	50	year	postpartum	GPL18573	AB_S4	male	temporal lobe cortex - healthy tissue from epileptic patient	Illumina NextSeq 500
SRR1974706	neurons	postnatal 50 years	50	year	postpartum	GPL18573	AB_S4	male	temporal lobe cortex - healthy tissue from epileptic patient	Illumina NextSeq 500
SRR1974707	neurons	postnatal 50 years	50	year	postpartum	GPL18573	AB_S4	male	temporal lobe cortex - healthy tissue from epileptic patient	Illumina NextSeq 500
SRR1974708	hybrid	postnatal 50 years	50	year	postpartum	GPL18573	AB_S4	male	temporal lobe cortex - healthy tissue from epileptic patient	Illumina NextSeq 500
SRR1974709	neurons	postnatal 50 years	50	year	postpartum	GPL18573	AB_S4	male	temporal lobe cortex - healthy tissue from epileptic patient	Illumina NextSeq 500
SRR1974710	neurons	postnatal 50 years	50	year	postpartum	GPL18573	AB_S4	male	temporal lobe cortex - healthy tissue from epileptic patient	Illumina NextSeq 500
SRR1974711	neurons	postnatal 50 years	50	year	postpartum	GPL18573	AB_S4	male	temporal lobe cortex - healthy tissue from epileptic patient	Illumina NextSeq 500
SRR1974712	neurons	postnatal 50 years	50	year	postpartum	GPL18573	AB_S4	male	temporal lobe cortex - healthy tissue from epileptic patient	Illumina NextSeq 500
SRR1974713	neurons	postnatal 50 years	50	year	postpartum	GPL18573	AB_S4	male	temporal lobe cortex - healthy tissue from epileptic patient	Illumina NextSeq 500
SRR1974714	neurons	postnatal 50 years	50	year	postpartum	GPL18573	AB_S4	male	temporal lobe cortex - healthy tissue from epileptic patient	Illumina NextSeq 500
SRR1974715	astrocytes	postnatal 50 years	50	year	postpartum	GPL18573	AB_S4	male	temporal lobe cortex - healthy tissue from epileptic patient	Illumina NextSeq 500
SRR1974716	hybrid	postnatal 50 years	50	year	postpartum	GPL18573	AB_S4	male	temporal lobe cortex - healthy tissue from epileptic patient	Illumina NextSeq 500
SRR1974717	astrocytes	postnatal 50 years	50	year	postpartum	GPL18573	AB_S4	male	temporal lobe cortex - healthy tissue from epileptic patient	Illumina NextSeq 500
SRR1974718	neurons	postnatal 50 years	50	year	postpartum	GPL18573	AB_S4	male	temporal lobe cortex - healthy tissue from epileptic patient	Illumina NextSeq 500
SRR1974719	hybrid	postnatal 50 years	50	year	postpartum	GPL18573	AB_S4	male	temporal lobe cortex - healthy tissue from epileptic patient	Illumina NextSeq 500
SRR1974720	astrocytes	postnatal 50 years	50	year	postpartum	GPL18573	AB_S4	male	temporal lobe cortex - healthy tissue from epileptic patient	Illumina NextSeq 500
SRR1974721	astrocytes	postnatal 50 years	50	year	postpartum	GPL18573	AB_S4	male	temporal lobe cortex - healthy tissue from epileptic patient	Illumina NextSeq 500
SRR1974722	astrocytes	postnatal 50 years	50	year	postpartum	GPL18573	AB_S4	male	temporal lobe cortex - healthy tissue from epileptic patient	Illumina NextSeq 500
SRR1974723	astrocytes	postnatal 50 years	50	year	postpartum	GPL18573	AB_S4	male	temporal lobe cortex - healthy tissue from epileptic patient	Illumina NextSeq 500
SRR1974724	neurons	postnatal 50 years	50	year	postpartum	GPL18573	AB_S4	male	temporal lobe cortex - healthy tissue from epileptic patient	Illumina NextSeq 500
SRR1974725	astrocytes	postnatal 50 years	50	year	postpartum	GPL18573	AB_S4	male	temporal lobe cortex - healthy tissue from epileptic patient	Illumina NextSeq 500
SRR1974726	astrocytes	postnatal 50 years	50	year	postpartum	GPL18573	AB_S4	male	temporal lobe cortex - healthy tissue from epileptic patient	Illumina NextSeq 500
SRR1974727	astrocytes	postnatal 50 years	50	year	postpartum	GPL18573	AB_S4	male	temporal lobe cortex - healthy tissue from epileptic patient	Illumina NextSeq 500
SRR1974728	astrocytes	postnatal 50 years	50	year	postpartum	GPL18573	AB_S4	male	temporal lobe cortex - healthy tissue from epileptic patient	Illumina NextSeq 500
SRR1974729	hybrid	postnatal 50 years	50	year	postpartum	GPL18573	AB_S4	male	temporal lobe cortex - healthy tissue from epileptic patient	Illumina NextSeq 500
SRR1974730	neurons	postnatal 50 years	50	year	postpartum	GPL18573	AB_S4	male	temporal lobe cortex - healthy tissue from epileptic patient	Illumina NextSeq 500
SRR1974731	astrocytes	postnatal 50 years	50	year	postpartum	GPL18573	AB_S4	male	temporal lobe cortex - healthy tissue from epileptic patient	Illumina NextSeq 500
SRR1974732	astrocytes	postnatal 50 years	50	year	postpartum	GPL18573	AB_S4	male	temporal lobe cortex - healthy tissue from epileptic patient	Illumina NextSeq 500
SRR1974733	astrocytes	postnatal 50 years	50	year	postpartum	GPL18573	AB_S4	male	temporal lobe cortex - healthy tissue from epileptic patient	Illumina NextSeq 500
SRR1974734	astrocytes	postnatal 50 years	50	year	postpartum	GPL18573	AB_S4	male	temporal lobe cortex - healthy tissue from epileptic patient	Illumina NextSeq 500
SRR1974735	neurons	postnatal 50 years	50	year	postpartum	GPL18573	AB_S4	male	temporal lobe cortex - healthy tissue from epileptic patient	Illumina NextSeq 500
SRR1974736	astrocytes	postnatal 50 years	50	year	postpartum	GPL18573	AB_S4	male	temporal lobe cortex - healthy tissue from epileptic patient	Illumina NextSeq 500
SRR1974737	astrocytes	postnatal 50 years	50	year	postpartum	GPL18573	AB_S4	male	temporal lobe cortex - healthy tissue from epileptic patient	Illumina NextSeq 500
SRR1974738	astrocytes	postnatal 50 years	50	year	postpartum	GPL18573	AB_S4	male	temporal lobe cortex - healthy tissue from epileptic patient	Illumina NextSeq 500
SRR1974739	astrocytes	postnatal 50 years	50	year	postpartum	GPL18573	AB_S4	male	temporal lobe cortex - healthy tissue from epileptic patient	Illumina NextSeq 500
SRR1974740	astrocytes	postnatal 50 years	50	year	postpartum	GPL18573	AB_S4	male	temporal lobe cortex - healthy tissue from epileptic patient	Illumina NextSeq 500
SRR1974741	astrocytes	postnatal 50 years	50	year	postpartum	GPL18573	AB_S4	male	temporal lobe cortex - healthy tissue from epileptic patient	Illumina NextSeq 500
SRR1974742	hybrid	postnatal 50 years	50	year	postpartum	GPL18573	AB_S4	male	temporal lobe cortex - healthy tissue from epileptic patient	Illumina NextSeq 500
SRR1974743	astrocytes	postnatal 50 years	50	year	postpartum	GPL18573	AB_S4	male	temporal lobe cortex - healthy tissue from epileptic patient	Illumina NextSeq 500
SRR1974744	astrocytes	postnatal 50 years	50	year	postpartum	GPL18573	AB_S4	male	temporal lobe cortex - healthy tissue from epileptic patient	Illumina NextSeq 500
SRR1974745	astrocytes	postnatal 50 years	50	year	postpartum	GPL18573	AB_S4	male	temporal lobe cortex - healthy tissue from epileptic patient	Illumina NextSeq 500
SRR1974746	hybrid	postnatal 50 years	50	year	postpartum	GPL18573	AB_S4	male	temporal lobe cortex - healthy tissue from epileptic patient	Illumina NextSeq 500
SRR1974747	hybrid	postnatal 50 years	50	year	postpartum	GPL18573	AB_S4	male	temporal lobe cortex - healthy tissue from epileptic patient	Illumina NextSeq 500
SRR1974748	hybrid	postnatal 50 years	50	year	postpartum	GPL18573	AB_S4	male	temporal lobe cortex - healthy tissue from epileptic patient	Illumina NextSeq 500
SRR1974749	hybrid	postnatal 50 years	50	year	postpartum	GPL18573	AB_S4	male	temporal lobe cortex - healthy tissue from epileptic patient	Illumina NextSeq 500
SRR1974750	astrocytes	postnatal 50 years	50	year	postpartum	GPL18573	AB_S4	male	temporal lobe cortex - healthy tissue from epileptic patient	Illumina NextSeq 500
SRR1974751	astrocytes	postnatal 50 years	50	year	postpartum	GPL18573	AB_S4	male	temporal lobe cortex - healthy tissue from epileptic patient	Illumina NextSeq 500
SRR1974752	neurons	postnatal 50 years	50	year	postpartum	GPL18573	AB_S4	male	temporal lobe cortex - healthy tissue from epileptic patient	Illumina NextSeq 500
SRR1974753	astrocytes	postnatal 50 years	50	year	postpartum	GPL18573	AB_S4	male	temporal lobe cortex - healthy tissue from epileptic patient	Illumina NextSeq 500
SRR1974754	astrocytes	postnatal 50 years	50	year	postpartum	GPL18573	AB_S4	male	temporal lobe cortex - healthy tissue from epileptic patient	Illumina NextSeq 500
SRR1974755	endothelial	postnatal 63 years	63	year	postpartum	GPL18573	AB_S5	male	temporal lobe cortex - healthy tissue from epileptic patient	Illumina NextSeq 500
SRR1974756	neurons	postnatal 63 years	63	year	postpartum	GPL18573	AB_S5	male	temporal lobe cortex - healthy tissue from epileptic patient	Illumina NextSeq 500
SRR1974757	endothelial	postnatal 63 years	63	year	postpartum	GPL18573	AB_S5	male	temporal lobe cortex - healthy tissue from epileptic patient	Illumina NextSeq 500
SRR1974758	endothelial	postnatal 63 years	63	year	postpartum	GPL18573	AB_S5	male	temporal lobe cortex - healthy tissue from epileptic patient	Illumina NextSeq 500
SRR1974759	neurons	postnatal 63 years	63	year	postpartum	GPL18573	AB_S5	male	temporal lobe cortex - healthy tissue from epileptic patient	Illumina NextSeq 500
SRR1974760	oligodendrocytes	postnatal 63 years	63	year	postpartum	GPL18573	AB_S5	male	temporal lobe cortex - healthy tissue from epileptic patient	Illumina NextSeq 500
SRR1974761	endothelial	postnatal 63 years	63	year	postpartum	GPL18573	AB_S5	male	temporal lobe cortex - healthy tissue from epileptic patient	Illumina NextSeq 500
SRR1974762	neurons	postnatal 63 years	63	year	postpartum	GPL18573	AB_S5	male	temporal lobe cortex - healthy tissue from epileptic patient	Illumina NextSeq 500
SRR1974763	neurons	postnatal 63 years	63	year	postpartum	GPL18573	AB_S5	male	temporal lobe cortex - healthy tissue from epileptic patient	Illumina NextSeq 500
SRR1974764	endothelial	postnatal 63 years	63	year	postpartum	GPL18573	AB_S5	male	temporal lobe cortex - healthy tissue from epileptic patient	Illumina NextSeq 500
SRR1974765	oligodendrocytes	postnatal 63 years	63	year	postpartum	GPL18573	AB_S5	male	temporal lobe cortex - healthy tissue from epileptic patient	Illumina NextSeq 500
SRR1974766	endothelial	postnatal 63 years	63	year	postpartum	GPL18573	AB_S5	male	temporal lobe cortex - healthy tissue from epileptic patient	Illumina NextSeq 500
SRR1974767	neurons	postnatal 63 years	63	year	postpartum	GPL18573	AB_S5	male	temporal lobe cortex - healthy tissue from epileptic patient	Illumina NextSeq 500
SRR1974768	endothelial	postnatal 63 years	63	year	postpartum	GPL18573	AB_S5	male	temporal lobe cortex - healthy tissue from epileptic patient	Illumina NextSeq 500
SRR1974769	oligodendrocytes	postnatal 63 years	63	year	postpartum	GPL18573	AB_S5	male	temporal lobe cortex - healthy tissue from epileptic patient	Illumina NextSeq 500
SRR1974770	endothelial	postnatal 63 years	63	year	postpartum	GPL18573	AB_S5	male	temporal lobe cortex - healthy tissue from epileptic patient	Illumina NextSeq 500
SRR1974771	endothelial	postnatal 63 years	63	year	postpartum	GPL18573	AB_S5	male	temporal lobe cortex - healthy tissue from epileptic patient	Illumina NextSeq 500
SRR1974772	endothelial	postnatal 63 years	63	year	postpartum	GPL18573	AB_S5	male	temporal lobe cortex - healthy tissue from epileptic patient	Illumina NextSeq 500
SRR1974773	neurons	postnatal 63 years	63	year	postpartum	GPL18573	AB_S5	male	temporal lobe cortex - healthy tissue from epileptic patient	Illumina NextSeq 500
SRR1974774	endothelial	postnatal 63 years	63	year	postpartum	GPL18573	AB_S5	male	temporal lobe cortex - healthy tissue from epileptic patient	Illumina NextSeq 500
SRR1974775	neurons	postnatal 63 years	63	year	postpartum	GPL18573	AB_S5	male	temporal lobe cortex - healthy tissue from epileptic patient	Illumina NextSeq 500
SRR1974776	neurons	postnatal 63 years	63	year	postpartum	GPL18573	AB_S5	male	temporal lobe cortex - healthy tissue from epileptic patient	Illumina NextSeq 500
SRR1974777	neurons	postnatal 63 years	63	year	postpartum	GPL18573	AB_S5	male	temporal lobe cortex - healthy tissue from epileptic patient	Illumina NextSeq 500
SRR1974778	neurons	postnatal 63 years	63	year	postpartum	GPL18573	AB_S5	male	temporal lobe cortex - healthy tissue from epileptic patient	Illumina NextSeq 500
SRR1974779	neurons	postnatal 63 years	63	year	postpartum	GPL18573	AB_S5	male	temporal lobe cortex - healthy tissue from epileptic patient	Illumina NextSeq 500
SRR1974780	neurons	postnatal 63 years	63	year	postpartum	GPL18573	AB_S5	male	temporal lobe cortex - healthy tissue from epileptic patient	Illumina NextSeq 500
SRR1974781	endothelial	postnatal 63 years	63	year	postpartum	GPL18573	AB_S5	male	temporal lobe cortex - healthy tissue from epileptic patient	Illumina NextSeq 500
SRR1974782	neurons	postnatal 63 years	63	year	postpartum	GPL18573	AB_S5	male	temporal lobe cortex - healthy tissue from epileptic patient	Illumina NextSeq 500
SRR1974783	neurons	postnatal 63 years	63	year	postpartum	GPL18573	AB_S5	male	temporal lobe cortex - healthy tissue from epileptic patient	Illumina NextSeq 500
SRR1974784	endothelial	postnatal 63 years	63	year	postpartum	GPL18573	AB_S5	male	temporal lobe cortex - healthy tissue from epileptic patient	Illumina NextSeq 500
SRR1974785	neurons	postnatal 63 years	63	year	postpartum	GPL18573	AB_S5	male	temporal lobe cortex - healthy tissue from epileptic patient	Illumina NextSeq 500
SRR1974786	neurons	postnatal 63 years	63	year	postpartum	GPL18573	AB_S5	male	temporal lobe cortex - healthy tissue from epileptic patient	Illumina NextSeq 500
SRR1974787	neurons	postnatal 63 years	63	year	postpartum	GPL18573	AB_S5	male	temporal lobe cortex - healthy tissue from epileptic patient	Illumina NextSeq 500
SRR1974788	microglia	postnatal 63 years	63	year	postpartum	GPL18573	AB_S5	male	hippocampus - healthy tissue from epileptic patient	Illumina NextSeq 500
SRR1974789	endothelial	postnatal 63 years	63	year	postpartum	GPL18573	AB_S5	male	hippocampus - healthy tissue from epileptic patient	Illumina NextSeq 500
SRR1974790	oligodendrocytes	postnatal 63 years	63	year	postpartum	GPL18573	AB_S5	male	hippocampus - healthy tissue from epileptic patient	Illumina NextSeq 500
SRR1974791	oligodendrocytes	postnatal 63 years	63	year	postpartum	GPL18573	AB_S5	male	hippocampus - healthy tissue from epileptic patient	Illumina NextSeq 500
SRR1974792	oligodendrocytes	postnatal 63 years	63	year	postpartum	GPL18573	AB_S5	male	hippocampus - healthy tissue from epileptic patient	Illumina NextSeq 500
SRR1974793	neurons	postnatal 63 years	63	year	postpartum	GPL18573	AB_S5	male	hippocampus - healthy tissue from epileptic patient	Illumina NextSeq 500
SRR1974794	endothelial	postnatal 63 years	63	year	postpartum	GPL18573	AB_S5	male	hippocampus - healthy tissue from epileptic patient	Illumina NextSeq 500
SRR1974795	oligodendrocytes	postnatal 63 years	63	year	postpartum	GPL18573	AB_S5	male	hippocampus - healthy tissue from epileptic patient	Illumina NextSeq 500
SRR1974796	oligodendrocytes	postnatal 63 years	63	year	postpartum	GPL18573	AB_S5	male	hippocampus - healthy tissue from epileptic patient	Illumina NextSeq 500
SRR1974797	oligodendrocytes	postnatal 63 years	63	year	postpartum	GPL18573	AB_S5	male	hippocampus - healthy tissue from epileptic patient	Illumina NextSeq 500
SRR1974798	endothelial	postnatal 63 years	63	year	postpartum	GPL18573	AB_S5	male	hippocampus - healthy tissue from epileptic patient	Illumina NextSeq 500
SRR1974799	neurons	postnatal 21 years	21	year	postpartum	GPL18573	AB_S7	female	temporal lobe cortex - healthy tissue from epileptic patient	Illumina NextSeq 500
SRR1974800	neurons	postnatal 21 years	21	year	postpartum	GPL18573	AB_S7	female	temporal lobe cortex - healthy tissue from epileptic patient	Illumina NextSeq 500
SRR1974801	neurons	postnatal 21 years	21	year	postpartum	GPL18573	AB_S7	female	temporal lobe cortex - healthy tissue from epileptic patient	Illumina NextSeq 500
SRR1974802	oligodendrocytes	postnatal 21 years	21	year	postpartum	GPL18573	AB_S7	female	temporal lobe cortex - healthy tissue from epileptic patient	Illumina NextSeq 500
SRR1974803	neurons	postnatal 21 years	21	year	postpartum	GPL18573	AB_S7	female	temporal lobe cortex - healthy tissue from epileptic patient	Illumina NextSeq 500
SRR1974804	hybrid	postnatal 21 years	21	year	postpartum	GPL18573	AB_S7	female	temporal lobe cortex - healthy tissue from epileptic patient	Illumina NextSeq 500
SRR1974805	oligodendrocytes	postnatal 21 years	21	year	postpartum	GPL18573	AB_S7	female	temporal lobe cortex - healthy tissue from epileptic patient	Illumina NextSeq 500
SRR1974806	neurons	postnatal 21 years	21	year	postpartum	GPL18573	AB_S7	female	temporal lobe cortex - healthy tissue from epileptic patient	Illumina NextSeq 500
SRR1974807	neurons	postnatal 21 years	21	year	postpartum	GPL18573	AB_S7	female	temporal lobe cortex - healthy tissue from epileptic patient	Illumina NextSeq 500
SRR1974808	neurons	postnatal 21 years	21	year	postpartum	GPL18573	AB_S7	female	temporal lobe cortex - healthy tissue from epileptic patient	Illumina NextSeq 500
SRR1974809	neurons	postnatal 21 years	21	year	postpartum	GPL18573	AB_S7	female	temporal lobe cortex - healthy tissue from epileptic patient	Illumina NextSeq 500
SRR1974810	neurons	postnatal 21 years	21	year	postpartum	GPL18573	AB_S7	female	temporal lobe cortex - healthy tissue from epileptic patient	Illumina NextSeq 500
SRR1974811	neurons	postnatal 21 years	21	year	postpartum	GPL18573	AB_S7	female	temporal lobe cortex - healthy tissue from epileptic patient	Illumina NextSeq 500
SRR1974812	oligodendrocytes	postnatal 21 years	21	year	postpartum	GPL18573	AB_S7	female	temporal lobe cortex - healthy tissue from epileptic patient	Illumina NextSeq 500
SRR1974813	neurons	postnatal 21 years	21	year	postpartum	GPL18573	AB_S7	female	temporal lobe cortex - healthy tissue from epileptic patient	Illumina NextSeq 500
SRR1974814	astrocytes	postnatal 21 years	21	year	postpartum	GPL18573	AB_S7	female	temporal lobe cortex - healthy tissue from epileptic patient	Illumina NextSeq 500
SRR1974815	neurons	postnatal 21 years	21	year	postpartum	GPL18573	AB_S7	female	temporal lobe cortex - healthy tissue from epileptic patient	Illumina NextSeq 500
SRR1974816	hybrid	postnatal 21 years	21	year	postpartum	GPL18573	AB_S7	female	temporal lobe cortex - healthy tissue from epileptic patient	Illumina NextSeq 500
SRR1974817	neurons	postnatal 21 years	21	year	postpartum	GPL18573	AB_S7	female	temporal lobe cortex - healthy tissue from epileptic patient	Illumina NextSeq 500
SRR1974818	neurons	postnatal 21 years	21	year	postpartum	GPL18573	AB_S7	female	temporal lobe cortex - healthy tissue from epileptic patient	Illumina NextSeq 500
SRR1974819	neurons	postnatal 21 years	21	year	postpartum	GPL18573	AB_S7	female	temporal lobe cortex - healthy tissue from epileptic patient	Illumina NextSeq 500
SRR1974820	neurons	postnatal 21 years	21	year	postpartum	GPL18573	AB_S7	female	temporal lobe cortex - healthy tissue from epileptic patient	Illumina NextSeq 500
SRR1974821	neurons	postnatal 21 years	21	year	postpartum	GPL18573	AB_S7	female	temporal lobe cortex - healthy tissue from epileptic patient	Illumina NextSeq 500
SRR1974822	neurons	postnatal 21 years	21	year	postpartum	GPL18573	AB_S7	female	temporal lobe cortex - healthy tissue from epileptic patient	Illumina NextSeq 500
SRR1974823	neurons	postnatal 21 years	21	year	postpartum	GPL18573	AB_S7	female	temporal lobe cortex - healthy tissue from epileptic patient	Illumina NextSeq 500
SRR1974824	neurons	postnatal 21 years	21	year	postpartum	GPL18573	AB_S7	female	temporal lobe cortex - healthy tissue from epileptic patient	Illumina NextSeq 500
SRR1974825	neurons	postnatal 21 years	21	year	postpartum	GPL18573	AB_S7	female	temporal lobe cortex - healthy tissue from epileptic patient	Illumina NextSeq 500
SRR1974826	hybrid	postnatal 21 years	21	year	postpartum	GPL18573	AB_S7	female	temporal lobe cortex - healthy tissue from epileptic patient	Illumina NextSeq 500
SRR1974827	oligodendrocytes	postnatal 21 years	21	year	postpartum	GPL18573	AB_S7	female	temporal lobe cortex - healthy tissue from epileptic patient	Illumina NextSeq 500
SRR1974828	neurons	postnatal 21 years	21	year	postpartum	GPL18573	AB_S7	female	temporal lobe cortex - healthy tissue from epileptic patient	Illumina NextSeq 500
SRR1974829	oligodendrocytes	postnatal 21 years	21	year	postpartum	GPL18573	AB_S7	female	temporal lobe cortex - healthy tissue from epileptic patient	Illumina NextSeq 500
SRR1974830	neurons	postnatal 21 years	21	year	postpartum	GPL18573	AB_S7	female	temporal lobe cortex - healthy tissue from epileptic patient	Illumina NextSeq 500
SRR1974831	oligodendrocytes	postnatal 21 years	21	year	postpartum	GPL18573	AB_S7	female	temporal lobe cortex - healthy tissue from epileptic patient	Illumina NextSeq 500
SRR1974832	neurons	postnatal 21 years	21	year	postpartum	GPL18573	AB_S7	female	temporal lobe cortex - healthy tissue from epileptic patient	Illumina NextSeq 500
SRR1974833	hybrid	postnatal 21 years	21	year	postpartum	GPL18573	AB_S7	female	temporal lobe cortex - healthy tissue from epileptic patient	Illumina NextSeq 500
SRR1974834	oligodendrocytes	postnatal 21 years	21	year	postpartum	GPL18573	AB_S7	female	temporal lobe cortex - healthy tissue from epileptic patient	Illumina NextSeq 500
SRR1974835	neurons	postnatal 21 years	21	year	postpartum	GPL18573	AB_S7	female	temporal lobe cortex - healthy tissue from epileptic patient	Illumina NextSeq 500
SRR1974836	oligodendrocytes	postnatal 21 years	21	year	postpartum	GPL18573	AB_S7	female	temporal lobe cortex - healthy tissue from epileptic patient	Illumina NextSeq 500
SRR1974837	hybrid	postnatal 21 years	21	year	postpartum	GPL18573	AB_S7	female	temporal lobe cortex - healthy tissue from epileptic patient	Illumina NextSeq 500
SRR1974838	neurons	postnatal 21 years	21	year	postpartum	GPL18573	AB_S7	female	temporal lobe cortex - healthy tissue from epileptic patient	Illumina NextSeq 500
SRR1974839	oligodendrocytes	postnatal 21 years	21	year	postpartum	GPL18573	AB_S7	female	temporal lobe cortex - healthy tissue from epileptic patient	Illumina NextSeq 500
SRR1974840	astrocytes	postnatal 21 years	21	year	postpartum	GPL18573	AB_S7	female	temporal lobe cortex - healthy tissue from epileptic patient	Illumina NextSeq 500
SRR1974841	neurons	postnatal 21 years	21	year	postpartum	GPL18573	AB_S7	female	temporal lobe cortex - healthy tissue from epileptic patient	Illumina NextSeq 500
SRR1974842	neurons	postnatal 21 years	21	year	postpartum	GPL18573	AB_S7	female	temporal lobe cortex - healthy tissue from epileptic patient	Illumina NextSeq 500
SRR1974843	neurons	postnatal 21 years	21	year	postpartum	GPL18573	AB_S7	female	temporal lobe cortex - healthy tissue from epileptic patient	Illumina NextSeq 500
SRR1974844	neurons	postnatal 21 years	21	year	postpartum	GPL18573	AB_S7	female	temporal lobe cortex - healthy tissue from epileptic patient	Illumina NextSeq 500
SRR1974845	oligodendrocytes	postnatal 21 years	21	year	postpartum	GPL18573	AB_S7	female	temporal lobe cortex - healthy tissue from epileptic patient	Illumina NextSeq 500
SRR1974846	astrocytes	postnatal 21 years	21	year	postpartum	GPL18573	AB_S7	female	temporal lobe cortex - healthy tissue from epileptic patient	Illumina NextSeq 500
SRR1974847	neurons	postnatal 21 years	21	year	postpartum	GPL18573	AB_S7	female	temporal lobe cortex - healthy tissue from epileptic patient	Illumina NextSeq 500
SRR1974848	neurons	postnatal 21 years	21	year	postpartum	GPL18573	AB_S7	female	temporal lobe cortex - healthy tissue from epileptic patient	Illumina NextSeq 500
SRR1974849	neurons	postnatal 21 years	21	year	postpartum	GPL18573	AB_S7	female	temporal lobe cortex - healthy tissue from epileptic patient	Illumina NextSeq 500
SRR1974850	hybrid	postnatal 21 years	21	year	postpartum	GPL18573	AB_S7	female	temporal lobe cortex - healthy tissue from epileptic patient	Illumina NextSeq 500
SRR1974851	oligodendrocytes	postnatal 21 years	21	year	postpartum	GPL18573	AB_S7	female	temporal lobe cortex - healthy tissue from epileptic patient	Illumina NextSeq 500
SRR1974852	oligodendrocytes	postnatal 21 years	21	year	postpartum	GPL18573	AB_S7	female	temporal lobe cortex - healthy tissue from epileptic patient	Illumina NextSeq 500
SRR1974853	neurons	postnatal 21 years	21	year	postpartum	GPL18573	AB_S7	female	temporal lobe cortex - healthy tissue from epileptic patient	Illumina NextSeq 500
SRR1974854	neurons	postnatal 21 years	21	year	postpartum	GPL18573	AB_S7	female	temporal lobe cortex - healthy tissue from epileptic patient	Illumina NextSeq 500
SRR1974855	hybrid	postnatal 21 years	21	year	postpartum	GPL18573	AB_S7	female	temporal lobe cortex - healthy tissue from epileptic patient	Illumina NextSeq 500
SRR1974856	astrocytes	postnatal 47 years	47	year	postpartum	GPL15520	AB_S1	male	temporal lobe cortex - healthy tissue from epileptic patient	Illumina MiSeq
SRR1974857	astrocytes	postnatal 47 years	47	year	postpartum	GPL15520	AB_S1	male	temporal lobe cortex - healthy tissue from epileptic patient	Illumina MiSeq
SRR1974858	astrocytes	postnatal 47 years	47	year	postpartum	GPL15520	AB_S1	male	temporal lobe cortex - healthy tissue from epileptic patient	Illumina MiSeq
SRR1974859	astrocytes	postnatal 47 years	47	year	postpartum	GPL15520	AB_S1	male	temporal lobe cortex - healthy tissue from epileptic patient	Illumina MiSeq
SRR1974860	microglia	postnatal 47 years	47	year	postpartum	GPL15520	AB_S1	male	temporal lobe cortex - healthy tissue from epileptic patient	Illumina MiSeq
SRR1974861	microglia	postnatal 47 years	47	year	postpartum	GPL15520	AB_S1	male	temporal lobe cortex - healthy tissue from epileptic patient	Illumina MiSeq
SRR1974862	astrocytes	postnatal 47 years	47	year	postpartum	GPL15520	AB_S1	male	temporal lobe cortex - healthy tissue from epileptic patient	Illumina MiSeq
SRR1974863	astrocytes	postnatal 47 years	47	year	postpartum	GPL15520	AB_S1	male	temporal lobe cortex - healthy tissue from epileptic patient	Illumina MiSeq
SRR1974864	neurons	postnatal 47 years	47	year	postpartum	GPL15520	AB_S1	male	temporal lobe cortex - healthy tissue from epileptic patient	Illumina MiSeq
SRR1974865	astrocytes	postnatal 47 years	47	year	postpartum	GPL15520	AB_S1	male	temporal lobe cortex - healthy tissue from epileptic patient	Illumina MiSeq
SRR1974866	neurons	postnatal 47 years	47	year	postpartum	GPL15520	AB_S1	male	temporal lobe cortex - healthy tissue from epileptic patient	Illumina MiSeq
SRR1974867	neurons	postnatal 47 years	47	year	postpartum	GPL15520	AB_S1	male	temporal lobe cortex - healthy tissue from epileptic patient	Illumina MiSeq
SRR1974868	microglia	postnatal 47 years	47	year	postpartum	GPL15520	AB_S1	male	temporal lobe cortex - healthy tissue from epileptic patient	Illumina MiSeq
SRR1974869	neurons	postnatal 47 years	47	year	postpartum	GPL15520	AB_S1	male	temporal lobe cortex - healthy tissue from epileptic patient	Illumina MiSeq
SRR1974870	neurons	postnatal 47 years	47	year	postpartum	GPL15520	AB_S1	male	temporal lobe cortex - healthy tissue from epileptic patient	Illumina MiSeq
SRR1974871	astrocytes	postnatal 47 years	47	year	postpartum	GPL15520	AB_S1	male	temporal lobe cortex - healthy tissue from epileptic patient	Illumina MiSeq
SRR1974872	neurons	postnatal 47 years	47	year	postpartum	GPL15520	AB_S1	male	temporal lobe cortex - healthy tissue from epileptic patient	Illumina MiSeq
SRR1974873	astrocytes	postnatal 47 years	47	year	postpartum	GPL15520	AB_S1	male	temporal lobe cortex - healthy tissue from epileptic patient	Illumina MiSeq
SRR1974874	astrocytes	postnatal 47 years	47	year	postpartum	GPL15520	AB_S1	male	temporal lobe cortex - healthy tissue from epileptic patient	Illumina MiSeq
SRR1974875	replicating fetal neuron	prenatal 16-18 W	17	week	embryo	GPL15520	FB_S1	n/a	fetal brain cortex	Illumina MiSeq
SRR1974876	replicating fetal neuron	prenatal 16-18 W	17	week	embryo	GPL15520	FB_S1	n/a	fetal brain cortex	Illumina MiSeq
SRR1974877	replicating fetal neuron	prenatal 16-18 W	17	week	embryo	GPL15520	FB_S1	n/a	fetal brain cortex	Illumina MiSeq
SRR1974878	replicating fetal neuron	prenatal 16-18 W	17	week	embryo	GPL15520	FB_S1	n/a	fetal brain cortex	Illumina MiSeq
SRR1974879	replicating fetal neuron	prenatal 16-18 W	17	week	embryo	GPL15520	FB_S1	n/a	fetal brain cortex	Illumina MiSeq
SRR1974880	replicating fetal neuron	prenatal 16-18 W	17	week	embryo	GPL15520	FB_S1	n/a	fetal brain cortex	Illumina MiSeq
SRR1974881	replicating fetal neuron	prenatal 16-18 W	17	week	embryo	GPL15520	FB_S1	n/a	fetal brain cortex	Illumina MiSeq
SRR1974882	replicating fetal neuron	prenatal 16-18 W	17	week	embryo	GPL15520	FB_S1	n/a	fetal brain cortex	Illumina MiSeq
SRR1974883	replicating fetal neuron	prenatal 16-18 W	17	week	embryo	GPL15520	FB_S1	n/a	fetal brain cortex	Illumina MiSeq
SRR1974884	replicating fetal neuron	prenatal 16-18 W	17	week	embryo	GPL15520	FB_S1	n/a	fetal brain cortex	Illumina MiSeq
SRR1974885	replicating fetal neuron	prenatal 16-18 W	17	week	embryo	GPL15520	FB_S1	n/a	fetal brain cortex	Illumina MiSeq
SRR1974886	replicating fetal neuron	prenatal 16-18 W	17	week	embryo	GPL15520	FB_S1	n/a	fetal brain cortex	Illumina MiSeq
SRR1974887	replicating fetal neuron	prenatal 16-18 W	17	week	embryo	GPL15520	FB_S1	n/a	fetal brain cortex	Illumina MiSeq
SRR1974888	replicating fetal neuron	prenatal 16-18 W	17	week	embryo	GPL15520	FB_S1	n/a	fetal brain cortex	Illumina MiSeq
SRR1974889	replicating fetal neuron	prenatal 16-18 W	17	week	embryo	GPL15520	FB_S1	n/a	fetal brain cortex	Illumina MiSeq
SRR1974890	replicating fetal neuron	prenatal 16-18 W	17	week	embryo	GPL15520	FB_S1	n/a	fetal brain cortex	Illumina MiSeq
SRR1974891	replicating fetal neuron	prenatal 16-18 W	17	week	embryo	GPL15520	FB_S1	n/a	fetal brain cortex	Illumina MiSeq
SRR1974892	replicating fetal neuron	prenatal 16-18 W	17	week	embryo	GPL15520	FB_S1	n/a	fetal brain cortex	Illumina MiSeq
SRR1974893	nonreplicating fetal neuron	prenatal 16-18 W	17	week	embryo	GPL15520	FB_S1	n/a	fetal brain cortex	Illumina MiSeq
SRR1974894	replicating fetal neuron	prenatal 16-18 W	17	week	embryo	GPL15520	FB_S1	n/a	fetal brain cortex	Illumina MiSeq
SRR1974895	nonreplicating fetal neuron	prenatal 16-18 W	17	week	embryo	GPL15520	FB_S1	n/a	fetal brain cortex	Illumina MiSeq
SRR1974896	replicating fetal neuron	prenatal 16-18 W	17	week	embryo	GPL15520	FB_S1	n/a	fetal brain cortex	Illumina MiSeq
SRR1974897	nonreplicating fetal neuron	prenatal 16-18 W	17	week	embryo	GPL15520	FB_S1	n/a	fetal brain cortex	Illumina MiSeq
SRR1974898	nonreplicating fetal neuron	prenatal 16-18 W	17	week	embryo	GPL15520	FB_S1	n/a	fetal brain cortex	Illumina MiSeq
SRR1974899	nonreplicating fetal neuron	prenatal 16-18 W	17	week	embryo	GPL15520	FB_S1	n/a	fetal brain cortex	Illumina MiSeq
SRR1974900	replicating fetal neuron	prenatal 16-18 W	17	week	embryo	GPL15520	FB_S1	n/a	fetal brain cortex	Illumina MiSeq
SRR1974901	nonreplicating fetal neuron	prenatal 16-18 W	17	week	embryo	GPL15520	FB_S2	n/a	fetal brain cortex	Illumina MiSeq
SRR1974902	nonreplicating fetal neuron	prenatal 16-18 W	17	week	embryo	GPL15520	FB_S2	n/a	fetal brain cortex	Illumina MiSeq
SRR1974903	nonreplicating fetal neuron	prenatal 16-18 W	17	week	embryo	GPL15520	FB_S2	n/a	fetal brain cortex	Illumina MiSeq
SRR1974904	nonreplicating fetal neuron	prenatal 16-18 W	17	week	embryo	GPL15520	FB_S2	n/a	fetal brain cortex	Illumina MiSeq
SRR1974905	nonreplicating fetal neuron	prenatal 16-18 W	17	week	embryo	GPL15520	FB_S2	n/a	fetal brain cortex	Illumina MiSeq
SRR1974906	nonreplicating fetal neuron	prenatal 16-18 W	17	week	embryo	GPL15520	FB_S2	n/a	fetal brain cortex	Illumina MiSeq
SRR1974907	nonreplicating fetal neuron	prenatal 16-18 W	17	week	embryo	GPL15520	FB_S2	n/a	fetal brain cortex	Illumina MiSeq
SRR1974908	nonreplicating fetal neuron	prenatal 16-18 W	17	week	embryo	GPL15520	FB_S2	n/a	fetal brain cortex	Illumina MiSeq
SRR1974909	nonreplicating fetal neuron	prenatal 16-18 W	17	week	embryo	GPL15520	FB_S2	n/a	fetal brain cortex	Illumina MiSeq
SRR1974910	nonreplicating fetal neuron	prenatal 16-18 W	17	week	embryo	GPL15520	FB_S2	n/a	fetal brain cortex	Illumina MiSeq
SRR1974911	nonreplicating fetal neuron	prenatal 16-18 W	17	week	embryo	GPL15520	FB_S2	n/a	fetal brain cortex	Illumina MiSeq
SRR1974912	nonreplicating fetal neuron	prenatal 16-18 W	17	week	embryo	GPL15520	FB_S2	n/a	fetal brain cortex	Illumina MiSeq
SRR1974913	nonreplicating fetal neuron	prenatal 16-18 W	17	week	embryo	GPL15520	FB_S2	n/a	fetal brain cortex	Illumina MiSeq
SRR1974914	replicating fetal neuron	prenatal 16-18 W	17	week	embryo	GPL15520	FB_S2	n/a	fetal brain cortex	Illumina MiSeq
SRR1974915	nonreplicating fetal neuron	prenatal 16-18 W	17	week	embryo	GPL15520	FB_S2	n/a	fetal brain cortex	Illumina MiSeq
SRR1974916	nonreplicating fetal neuron	prenatal 16-18 W	17	week	embryo	GPL15520	FB_S2	n/a	fetal brain cortex	Illumina MiSeq
SRR1974917	nonreplicating fetal neuron	prenatal 16-18 W	17	week	embryo	GPL15520	FB_S2	n/a	fetal brain cortex	Illumina MiSeq
SRR1974918	nonreplicating fetal neuron	prenatal 16-18 W	17	week	embryo	GPL15520	FB_S2	n/a	fetal brain cortex	Illumina MiSeq
SRR1974919	nonreplicating fetal neuron	prenatal 16-18 W	17	week	embryo	GPL15520	FB_S2	n/a	fetal brain cortex	Illumina MiSeq
SRR1974920	nonreplicating fetal neuron	prenatal 16-18 W	17	week	embryo	GPL15520	FB_S2	n/a	fetal brain cortex	Illumina MiSeq
SRR1974921	nonreplicating fetal neuron	prenatal 16-18 W	17	week	embryo	GPL15520	FB_S2	n/a	fetal brain cortex	Illumina MiSeq
SRR1974922	nonreplicating fetal neuron	prenatal 16-18 W	17	week	embryo	GPL15520	FB_S2	n/a	fetal brain cortex	Illumina MiSeq
SRR1974923	nonreplicating fetal neuron	prenatal 16-18 W	17	week	embryo	GPL15520	FB_S2	n/a	fetal brain cortex	Illumina MiSeq
SRR1974924	nonreplicating fetal neuron	prenatal 16-18 W	17	week	embryo	GPL15520	FB_S2	n/a	fetal brain cortex	Illumina MiSeq
SRR1974925	nonreplicating fetal neuron	prenatal 16-18 W	17	week	embryo	GPL15520	FB_S2	n/a	fetal brain cortex	Illumina MiSeq
SRR1974926	nonreplicating fetal neuron	prenatal 16-18 W	17	week	embryo	GPL15520	FB_S2	n/a	fetal brain cortex	Illumina MiSeq
SRR1974927	nonreplicating fetal neuron	prenatal 16-18 W	17	week	embryo	GPL15520	FB_S2	n/a	fetal brain cortex	Illumina MiSeq
SRR1974928	nonreplicating fetal neuron	prenatal 16-18 W	17	week	embryo	GPL15520	FB_S2	n/a	fetal brain cortex	Illumina MiSeq
SRR1974929	nonreplicating fetal neuron	prenatal 16-18 W	17	week	embryo	GPL15520	FB_S2	n/a	fetal brain cortex	Illumina MiSeq
SRR1974930	nonreplicating fetal neuron	prenatal 16-18 W	17	week	embryo	GPL15520	FB_S2	n/a	fetal brain cortex	Illumina MiSeq
SRR1974931	nonreplicating fetal neuron	prenatal 16-18 W	17	week	embryo	GPL15520	FB_S2	n/a	fetal brain cortex	Illumina MiSeq
SRR1974932	nonreplicating fetal neuron	prenatal 16-18 W	17	week	embryo	GPL15520	FB_S2	n/a	fetal brain cortex	Illumina MiSeq
SRR1974933	nonreplicating fetal neuron	prenatal 16-18 W	17	week	embryo	GPL15520	FB_S2	n/a	fetal brain cortex	Illumina MiSeq
SRR1974934	nonreplicating fetal neuron	prenatal 16-18 W	17	week	embryo	GPL15520	FB_S2	n/a	fetal brain cortex	Illumina MiSeq
SRR1974935	nonreplicating fetal neuron	prenatal 16-18 W	17	week	embryo	GPL15520	FB_S2	n/a	fetal brain cortex	Illumina MiSeq
SRR1974936	nonreplicating fetal neuron	prenatal 16-18 W	17	week	embryo	GPL15520	FB_S2	n/a	fetal brain cortex	Illumina MiSeq
SRR1974937	nonreplicating fetal neuron	prenatal 16-18 W	17	week	embryo	GPL15520	FB_S2	n/a	fetal brain cortex	Illumina MiSeq
SRR1974938	nonreplicating fetal neuron	prenatal 16-18 W	17	week	embryo	GPL15520	FB_S2	n/a	fetal brain cortex	Illumina MiSeq
SRR1974939	nonreplicating fetal neuron	prenatal 16-18 W	17	week	embryo	GPL15520	FB_S2	n/a	fetal brain cortex	Illumina MiSeq
SRR1974940	nonreplicating fetal neuron	prenatal 16-18 W	17	week	embryo	GPL15520	FB_S2	n/a	fetal brain cortex	Illumina MiSeq
SRR1974941	nonreplicating fetal neuron	prenatal 16-18 W	17	week	embryo	GPL15520	FB_S2	n/a	fetal brain cortex	Illumina MiSeq
SRR1974942	nonreplicating fetal neuron	prenatal 16-18 W	17	week	embryo	GPL15520	FB_S2	n/a	fetal brain cortex	Illumina MiSeq
SRR1974943	nonreplicating fetal neuron	prenatal 16-18 W	17	week	embryo	GPL15520	FB_S2	n/a	fetal brain cortex	Illumina MiSeq
SRR1974944	nonreplicating fetal neuron	prenatal 16-18 W	17	week	embryo	GPL15520	FB_S2	n/a	fetal brain cortex	Illumina MiSeq
SRR1974945	nonreplicating fetal neuron	prenatal 16-18 W	17	week	embryo	GPL15520	FB_S2	n/a	fetal brain cortex	Illumina MiSeq
SRR1974946	replicating fetal neuron	prenatal 16-18 W	17	week	embryo	GPL15520	FB_S2	n/a	fetal brain cortex	Illumina MiSeq
SRR1974947	nonreplicating fetal neuron	prenatal 16-18 W	17	week	embryo	GPL15520	FB_S3	n/a	fetal brain cortex	Illumina MiSeq
SRR1974948	nonreplicating fetal neuron	prenatal 16-18 W	17	week	embryo	GPL15520	FB_S3	n/a	fetal brain cortex	Illumina MiSeq
SRR1974949	nonreplicating fetal neuron	prenatal 16-18 W	17	week	embryo	GPL15520	FB_S3	n/a	fetal brain cortex	Illumina MiSeq
SRR1974950	nonreplicating fetal neuron	prenatal 16-18 W	17	week	embryo	GPL15520	FB_S3	n/a	fetal brain cortex	Illumina MiSeq
SRR1974951	nonreplicating fetal neuron	prenatal 16-18 W	17	week	embryo	GPL15520	FB_S3	n/a	fetal brain cortex	Illumina MiSeq
SRR1974952	nonreplicating fetal neuron	prenatal 16-18 W	17	week	embryo	GPL15520	FB_S3	n/a	fetal brain cortex	Illumina MiSeq
SRR1974953	nonreplicating fetal neuron	prenatal 16-18 W	17	week	embryo	GPL15520	FB_S3	n/a	fetal brain cortex	Illumina MiSeq
SRR1974954	nonreplicating fetal neuron	prenatal 16-18 W	17	week	embryo	GPL15520	FB_S3	n/a	fetal brain cortex	Illumina MiSeq
SRR1974955	nonreplicating fetal neuron	prenatal 16-18 W	17	week	embryo	GPL15520	FB_S3	n/a	fetal brain cortex	Illumina MiSeq
SRR1974956	nonreplicating fetal neuron	prenatal 16-18 W	17	week	embryo	GPL15520	FB_S3	n/a	fetal brain cortex	Illumina MiSeq
SRR1974957	nonreplicating fetal neuron	prenatal 16-18 W	17	week	embryo	GPL15520	FB_S3	n/a	fetal brain cortex	Illumina MiSeq
SRR1974958	nonreplicating fetal neuron	prenatal 16-18 W	17	week	embryo	GPL15520	FB_S3	n/a	fetal brain cortex	Illumina MiSeq
SRR1974959	nonreplicating fetal neuron	prenatal 16-18 W	17	week	embryo	GPL15520	FB_S3	n/a	fetal brain cortex	Illumina MiSeq
SRR1974960	nonreplicating fetal neuron	prenatal 16-18 W	17	week	embryo	GPL15520	FB_S3	n/a	fetal brain cortex	Illumina MiSeq
SRR1974961	nonreplicating fetal neuron	prenatal 16-18 W	17	week	embryo	GPL15520	FB_S3	n/a	fetal brain cortex	Illumina MiSeq
SRR1974962	nonreplicating fetal neuron	prenatal 16-18 W	17	week	embryo	GPL15520	FB_S3	n/a	fetal brain cortex	Illumina MiSeq
SRR1974963	nonreplicating fetal neuron	prenatal 16-18 W	17	week	embryo	GPL15520	FB_S3	n/a	fetal brain cortex	Illumina MiSeq
SRR1974964	nonreplicating fetal neuron	prenatal 16-18 W	17	week	embryo	GPL15520	FB_S3	n/a	fetal brain cortex	Illumina MiSeq
SRR1974965	nonreplicating fetal neuron	prenatal 16-18 W	17	week	embryo	GPL15520	FB_S3	n/a	fetal brain cortex	Illumina MiSeq
SRR1974966	nonreplicating fetal neuron	prenatal 16-18 W	17	week	embryo	GPL15520	FB_S3	n/a	fetal brain cortex	Illumina MiSeq
SRR1974967	nonreplicating fetal neuron	prenatal 16-18 W	17	week	embryo	GPL15520	FB_S3	n/a	fetal brain cortex	Illumina MiSeq
SRR1974968	nonreplicating fetal neuron	prenatal 16-18 W	17	week	embryo	GPL15520	FB_S3	n/a	fetal brain cortex	Illumina MiSeq
SRR1974969	nonreplicating fetal neuron	prenatal 16-18 W	17	week	embryo	GPL15520	FB_S3	n/a	fetal brain cortex	Illumina MiSeq
SRR1974970	nonreplicating fetal neuron	prenatal 16-18 W	17	week	embryo	GPL15520	FB_S3	n/a	fetal brain cortex	Illumina MiSeq
SRR1974971	nonreplicating fetal neuron	prenatal 16-18 W	17	week	embryo	GPL15520	FB_S3	n/a	fetal brain cortex	Illumina MiSeq
SRR1974972	nonreplicating fetal neuron	prenatal 16-18 W	17	week	embryo	GPL15520	FB_S3	n/a	fetal brain cortex	Illumina MiSeq
SRR1974973	nonreplicating fetal neuron	prenatal 16-18 W	17	week	embryo	GPL15520	FB_S3	n/a	fetal brain cortex	Illumina MiSeq
SRR1974974	nonreplicating fetal neuron	prenatal 16-18 W	17	week	embryo	GPL15520	FB_S3	n/a	fetal brain cortex	Illumina MiSeq
SRR1974975	nonreplicating fetal neuron	prenatal 16-18 W	17	week	embryo	GPL15520	FB_S3	n/a	fetal brain cortex	Illumina MiSeq
SRR1974976	nonreplicating fetal neuron	prenatal 16-18 W	17	week	embryo	GPL15520	FB_S3	n/a	fetal brain cortex	Illumina MiSeq
SRR1974977	nonreplicating fetal neuron	prenatal 16-18 W	17	week	embryo	GPL15520	FB_S3	n/a	fetal brain cortex	Illumina MiSeq
SRR1974978	nonreplicating fetal neuron	prenatal 16-18 W	17	week	embryo	GPL15520	FB_S3	n/a	fetal brain cortex	Illumina MiSeq
SRR1974979	nonreplicating fetal neuron	prenatal 16-18 W	17	week	embryo	GPL15520	FB_S3	n/a	fetal brain cortex	Illumina MiSeq
SRR1974980	nonreplicating fetal neuron	prenatal 16-18 W	17	week	embryo	GPL18573	FB_S6	n/a	fetal brain cortex	Illumina NextSeq 500
SRR1974981	nonreplicating fetal neuron	prenatal 16-18 W	17	week	embryo	GPL18573	FB_S6	n/a	fetal brain cortex	Illumina NextSeq 500
SRR1974982	nonreplicating fetal neuron	prenatal 16-18 W	17	week	embryo	GPL18573	FB_S6	n/a	fetal brain cortex	Illumina NextSeq 500
SRR1974983	nonreplicating fetal neuron	prenatal 16-18 W	17	week	embryo	GPL18573	FB_S6	n/a	fetal brain cortex	Illumina NextSeq 500
SRR1974984	nonreplicating fetal neuron	prenatal 16-18 W	17	week	embryo	GPL18573	FB_S6	n/a	fetal brain cortex	Illumina NextSeq 500
SRR1974985	nonreplicating fetal neuron	prenatal 16-18 W	17	week	embryo	GPL18573	FB_S6	n/a	fetal brain cortex	Illumina NextSeq 500
SRR1974986	nonreplicating fetal neuron	prenatal 16-18 W	17	week	embryo	GPL18573	FB_S6	n/a	fetal brain cortex	Illumina NextSeq 500
SRR1974987	nonreplicating fetal neuron	prenatal 16-18 W	17	week	embryo	GPL18573	FB_S6	n/a	fetal brain cortex	Illumina NextSeq 500
SRR1974988	nonreplicating fetal neuron	prenatal 16-18 W	17	week	embryo	GPL18573	FB_S6	n/a	fetal brain cortex	Illumina NextSeq 500
SRR1974989	replicating fetal neuron	prenatal 16-18 W	17	week	embryo	GPL18573	FB_S6	n/a	fetal brain cortex	Illumina NextSeq 500
SRR1974990	nonreplicating fetal neuron	prenatal 16-18 W	17	week	embryo	GPL18573	FB_S6	n/a	fetal brain cortex	Illumina NextSeq 500
SRR1974991	nonreplicating fetal neuron	prenatal 16-18 W	17	week	embryo	GPL18573	FB_S6	n/a	fetal brain cortex	Illumina NextSeq 500
SRR1974992	nonreplicating fetal neuron	prenatal 16-18 W	17	week	embryo	GPL18573	FB_S6	n/a	fetal brain cortex	Illumina NextSeq 500
SRR1974993	nonreplicating fetal neuron	prenatal 16-18 W	17	week	embryo	GPL18573	FB_S6	n/a	fetal brain cortex	Illumina NextSeq 500
SRR1974994	nonreplicating fetal neuron	prenatal 16-18 W	17	week	embryo	GPL18573	FB_S6	n/a	fetal brain cortex	Illumina NextSeq 500
SRR1974995	nonreplicating fetal neuron	prenatal 16-18 W	17	week	embryo	GPL18573	FB_S6	n/a	fetal brain cortex	Illumina NextSeq 500
SRR1974996	nonreplicating fetal neuron	prenatal 16-18 W	17	week	embryo	GPL18573	FB_S6	n/a	fetal brain cortex	Illumina NextSeq 500
SRR1974997	replicating fetal neuron	prenatal 16-18 W	17	week	embryo	GPL18573	FB_S6	n/a	fetal brain cortex	Illumina NextSeq 500
SRR1974998	nonreplicating fetal neuron	prenatal 16-18 W	17	week	embryo	GPL18573	FB_S6	n/a	fetal brain cortex	Illumina NextSeq 500
SRR1974999	nonreplicating fetal neuron	prenatal 16-18 W	17	week	embryo	GPL18573	FB_S6	n/a	fetal brain cortex	Illumina NextSeq 500
SRR1975000	nonreplicating fetal neuron	prenatal 16-18 W	17	week	embryo	GPL18573	FB_S6	n/a	fetal brain cortex	Illumina NextSeq 500
SRR1975001	nonreplicating fetal neuron	prenatal 16-18 W	17	week	embryo	GPL18573	FB_S6	n/a	fetal brain cortex	Illumina NextSeq 500
SRR1975002	nonreplicating fetal neuron	prenatal 16-18 W	17	week	embryo	GPL18573	FB_S6	n/a	fetal brain cortex	Illumina NextSeq 500
SRR1975003	nonreplicating fetal neuron	prenatal 16-18 W	17	week	embryo	GPL18573	FB_S6	n/a	fetal brain cortex	Illumina NextSeq 500
SRR1975004	nonreplicating fetal neuron	prenatal 16-18 W	17	week	embryo	GPL18573	FB_S6	n/a	fetal brain cortex	Illumina NextSeq 500
SRR1975005	nonreplicating fetal neuron	prenatal 16-18 W	17	week	embryo	GPL18573	FB_S6	n/a	fetal brain cortex	Illumina NextSeq 500
SRR1975006	nonreplicating fetal neuron	prenatal 16-18 W	17	week	embryo	GPL18573	FB_S6	n/a	fetal brain cortex	Illumina NextSeq 500
SRR1975007	nonreplicating fetal neuron	prenatal 16-18 W	17	week	embryo	GPL18573	FB_S6	n/a	fetal brain cortex	Illumina NextSeq 500
SRR1975008	nonreplicating fetal neuron	prenatal 16-18 W	17	week	embryo	GPL18573	FB_S6	n/a	fetal brain cortex	Illumina NextSeq 500
